{"Magnification": 1.0014698641574922, "mat_intri": [[400.77569128522344, -0.2056881548794435, 1299.8268539629905], [0.0, 400.40020004077036, 1077.4602171080674], [0.0, 0.0, 1.0]], "coff_dis": [-5.130684450662092e-05, 4.0462150699917865e-06], "v_rot": [[0.04016779692646744, 0.028067851051401596, 1.5684123801013738], [0.015486748660288567, -0.019612499169664177, 0.011915929127255802], [0.007770604456965129, -0.02571929868393351, -0.02000789335565131], [0.0018829177998878263, 0.02789132963639573, -0.002793177014501701], [-0.016749003750533467, 0.034493533487346226, -0.3888284266420552], [-0.02628854006489385, -0.022690891746266307, 0.4619276871103241], [-0.003013200411556977, -0.03413169408957736, 0.03276856102769278], [0.0053052005451242, 0.04203579677761669, -0.09267959065127312], [-0.0009311115174379877, 0.043470087625595344, -0.1153648841428687]], "v_trans": [[-0.3353086554807734, -1.9580946403177573], [0.24989065264909652, -2.1393206583222835], [-2.6542474887777017, -0.254942900758619], [0.266049113377439, -0.20495786605423683], [-1.6893524261864066, -0.5034814247250656], [-0.1607679748305963, -1.3107587735341275], [-1.006279882125865, -0.8461089573680098], [-0.19418833453177353, -0.9968777221561562], [-1.2909656343045937, -0.6049377236445754]]}