{"Magnification": 0.40156562350267333, "mat_intri": [[83.66517050230786, 0.0034897418254751125, 799.6210892866544], [0.0, 83.65383929047272, 599.5363711908645], [0.0, 0.0, 1.0]], "coff_dis": [-1.6999185734274292e-05, 1.0031624654276866e-07], "v_rot": [[-9.382412165480167e-08, -9.492230280333472e-09, 3.1240478008230106], [0.3318461437790055, 0.052736759503226455, 2.955631741453841], [-0.03257319008839249, 0.09548902258134376, 0.07712255186156268], [0.25541779264900194, -0.0131429784977258, -0.0007629622407488927], [0.037107852104193, -0.2598308670524029, 0.14457903388695964], [0.12536317378533024, 0.07259207627642292, 0.10691898442256356], [-7.502192495824038e-07, -5.206930881469872e-07, 2.840892407690803], [0.05304598875449637, -0.13760493314350697, 0.31375269188996247], [-0.004057020400969614, -0.19353846204515854, 3.1170587724016716], [-2.3724677733762288e-06, -2.8210701075875335e-06, 3.131082257028623]], "v_trans": [[6.0420150611084145, 4.795190300222484], [3.3609178588061286, 2.3543888752015545], [-4.681235979877939, -3.0957860103135078], [-3.951515055038511, -3.0105490492879237], [-1.119692931703294, -3.86908466196475], [-7.094933336139116, -3.785984031527915], [4.181885518744977, 2.3289561104587575], [-0.09842228982983704, -5.51827313045036], [7.621564468317088, 4.606101908705232], [6.235553617719358, 5.555973349161281]]}