{"Magnification": 1.0009856245138207, "mat_intri": [[400.3567797584294, -0.10661893098632821, 1299.5076829378097], [0.0, 400.4317198526271, 1079.5206188772452], [0.0, 0.0, 1.0]], "coff_dis": [6.371515346120746e-06, -2.5044822129886805e-05, 1.318785672605667e-06, 0.0001354315719188121, -3.0049662460793236e-05], "v_rot": [[0.01975446961429308, -0.05084378237220981, 3.1337913928923893], [0.024634989829875064, 0.012341191627152625, 0.03314026816848949], [0.027162236666943954, 0.026146183578608498, 0.019472577900140977], [0.01800069706254147, 0.02289500111531791, 0.014666945869815694], [-0.02844145081231804, -0.005309409101738382, 0.11949754782229706], [-0.026998683111962397, -0.01476114641291938, 0.2362014255595959], [0.033862785683552346, -0.03125395709451291, 2.716186117052927], [0.04002896381900198, -0.027527297093549764, 2.8843953775818982], [-0.03308985773472548, -0.0051553593019168864, 0.28358768660966], [0.032755624910270315, -0.04074765790535568, 3.1184141548303947]], "v_trans": [[-0.570982647997012, -0.3958746578517057], [-1.3758079495007074, -0.2663937654216051], [0.6965997428096649, -2.2611689499123626], [0.30989653465615574, 0.1871654164411818], [-2.3275995396069944, -0.10920330703783879], [-0.030125044558987464, -1.513105446478371], [1.019031919518946, -0.0812215780147153], [2.362430162326154, 0.6633248360620889], [-2.027775370265541, -1.539248536562486], [1.3657213742832939, 0.007697098908020252]]}