{"Magnification": 1.0015690700480022, "mat_intri": [[400.8023308022217, -0.5491208044178856, 1297.836983679163], [0.0, 400.45292523618, 1079.4576409175875], [0.0, 0.0, 1.0]], "coff_dis": [6.967134477234934e-06, -6.1038440667519995e-06, 6.23725729292028e-05, -4.05697476808768e-05, 5.585244650640405e-07], "v_rot": [[0.06091137962279663, 0.02337754579512393, 1.5677729159711487], [1.4790192490286306e-05, -2.72685421685747e-05, 0.011485604942841817], [-0.03405191551689743, -0.04237775161062457, -0.020435137062249167], [0.03237003982158961, 0.023426598139154882, -0.0032185195278505896], [0.005478044932404537, 0.043188184615217874, -0.3892432558040088], [-0.041365737587420445, -0.02558724658818297, 0.46145505474275267], [-0.02885525499709637, -0.036709369959095496, 0.032337453359181804], [0.019238171766559564, 0.04093805432120531, -0.09310576615750432], [0.01849341933409662, 0.04854581365754135, -0.11578569594733641]], "v_trans": [[-0.332160241817388, -1.9628465158098791], [0.2534356631551146, -2.14445965004505], [-2.6485220665365055, -0.2604962022579105], [0.27076096252724197, -0.2098140279400475], [-1.6844678999905238, -0.5086759315898306], [-0.1565759242473792, -1.3153015385938438], [-1.0019153066534785, -0.8509307342028776], [-0.1899437259290986, -1.0016884050240968], [-1.286233544451706, -0.6100269113856122]]}