{"Magnification": 0.4015656234762276, "mat_intri": [[83.66517049696287, 0.003489734058902644, 799.6210898207373], [0.0, 83.65383928479865, 599.5363718152936], [0.0, 0.0, 1.0]], "coff_dis": [-1.6999182614696027e-05, 1.0031621109162044e-07], "v_rot": [[-8.918985702361129e-08, 1.8352429886017677e-08, 3.1240478007811503], [0.3318461437384706, 0.052736758979258246, 2.955631741420855], [-0.03257318909565983, 0.09548902224946354, 0.07712255181395715], [0.25541779256072267, -0.013142978115469686, -0.0007629622862731715], [0.03710785174376037, -0.2598308669918296, 0.14457903384071516], [0.12536317382953693, 0.07259207664740905, 0.10691898437921428], [6.400458740863245e-07, 3.7596422595114686e-07, 2.84089240764903], [0.053045988365512435, -0.13760493296345622, 0.313752691846834], [-0.004057019410804224, -0.1935384617258896, 3.11705877237598], [-2.6942377347465683e-06, -3.912509507734537e-06, 3.1310822569863386]], "v_trans": [[6.042015054973056, 4.795190292573566], [3.360917852666877, 2.354388867712532], [-4.681235986703489, -3.0957860179373573], [-3.9515150617413957, -3.010549056850301], [-1.1196929384719028, -3.869084669520326], [-7.094933342663832, -3.785984038896641], [4.1818855124445, 2.3289561027583896], [-0.0984222966692162, -5.518273138035601], [7.621564462368701, 4.606101901310097], [6.235553611654882, 5.55597334148506]]}