{"Magnification": 1.0030987561714069, "mat_intri": [[402.00585612092954, -1.0889181606369904, 1297.8281274716903], [0.0, 400.47314881619593, 1079.4479244318193], [0.0, 0.0, 1.0]], "coff_dis": [-8.357648548201242e-07, 3.229490260940274e-05, 0.00019562504543767966, -0.0002880132706384019, -0.0004714164954120781], "v_rot": [[0.08967423723141366, 0.058508665780807136, 1.5657673626981568], [0.02567257529793238, 0.07074377250960351, 0.011755053081208354], [-0.02358011933182906, -0.09443996449541862, -0.02202370758989183], [0.03570263002992788, 0.08266499862713025, -0.0034825146485324052], [0.003209078034527379, 0.09129478471111495, -0.3898056767097399], [-0.05355606261150819, -0.0741248898681547, 0.46065194647742647], [-0.030193972172835655, -0.08673499280532412, 0.03161230381048493], [0.026807311129967402, 0.08743836036933036, -0.09322835946705627], [0.020934357019054176, 0.09353402668317193, -0.11650160512661413]], "v_trans": [[-0.3337745470834207, -1.9630134208201468], [0.25094185316842077, -2.144168022160645], [-2.640170041494641, -0.2582802948533029], [0.269943139746131, -0.2098901665503274], [-1.6798338494768614, -0.5081151652436166], [-0.15790553756041117, -1.3151334323733104], [-0.9998318118466579, -0.8506827016708576], [-0.19032251539919892, -1.0017029941223172], [-1.2829535672928964, -0.6095543338671938]]}