{"Magnification": 0.4015656234641135, "mat_intri": [[83.66517049400368, 0.0034897388921862667, 799.6210901780254], [0.0, 83.6538392827103, 599.5363722271792], [0.0, 0.0, 1.0]], "coff_dis": [-1.6999180574053432e-05, 1.0031618402894322e-07], "v_rot": [[-3.651940468517958e-08, -2.2083921530882035e-08, 3.124047800806125], [0.33184614371354265, 0.0527367594306039, 2.9556317414459152], [-0.032573189836411845, 0.09548902229906608, 0.07712255184413547], [0.2554177925967584, -0.013142978394968596, -0.0007629622581440527], [0.037107851964027244, -0.2598308670179436, 0.14457903387000193], [0.12536317379266163, 0.07259207628651711, 0.10691898440753571], [7.569274109559872e-07, 4.529679190089787e-07, 2.8408924076785307], [0.05304598865697494, -0.13760493298448834, 0.31375269187209537], [-0.004057020077092697, -0.1935384617152784, 3.117058772404838], [-2.3465782084034776e-06, -4.427166783308274e-06, 3.1310822570100743]], "v_trans": [[6.04201505055457, 4.7951902877546395], [3.360917848227968, 2.3543888627539364], [-4.681235990754162, -3.0957860227383556], [-3.951515065793997, -3.0105490617117625], [-1.1196929425010622, -3.8690846743977545], [-7.094933346881806, -3.7859840438543046], [4.181885508119878, 2.3289560979953183], [-0.09842230069782976, -5.518273142875666], [7.621564457845927, 4.6061018963998706], [6.235553607198615, 5.5559733366481145]]}